"Histogram","PWDR 1_ReMoB2_0bars_0p2GPa_S_P1_C1_D1w_010.fxye Bank 1"
"Instparm: Type","PXC"
"Instparm: Bank",      1.00
"Instparm: Lam",  0.413263
"Instparm: Polariz.",      0.99
"Instparm: Azimuth",      0.00
"Instparm: Zero", -0.000383
"Instparm: U",    234.80
"Instparm: V",    -21.61
"Instparm: W",      7.33
"Instparm: X",      0.00
"Instparm: Y",      0.00
"Instparm: Z",      0.00
"Instparm: SH/L",      0.00
"Samparm: InstrName",
"Samparm: Scale",      0.04
"Samparm: Type",Debye-Scherrer
"Samparm: DisplaceX",    -43.90
"Samparm: DisplaceY",    -55.13
"Samparm: Temperature",    300.00
"Samparm: Pressure",      0.10
"Samparm: Time",      0.00
"Samparm: Gonio. radius",    200.00
"Samparm: Omega",      0.00
"Samparm: Chi",      0.00
"Samparm: Phi",      0.00
"Samparm: Azimuth",      0.00
"Samparm: SurfRoughA",      0.00
"Samparm: SurfRoughB",      0.00
"Samparm: Shift",      0.00
"Samparm: Transparency",      0.00
"x","y_obs","weight","y_calc","y_bkg","Q"
1.31866,106.835,0.00936023,0,0,0.35001
1.33766,104.417,0.00957692,0,0,0.355051
1.35666,108.385,0.00922639,0,0,0.360093
1.37567,119.637,0.00835873,0,0,0.365137
1.39467,125.499,0.00796824,0,0,0.370178
1.41367,129.288,0.00773465,0,0,0.375219
1.43268,131.218,0.00762096,0,0,0.380263
1.45168,132.591,0.00754201,0,0,0.385305
1.47068,135.64,0.0073724,0,0,0.390346
1.48969,137.108,0.00729354,0,0,0.39539
1.50869,138.877,0.00720063,0,0,0.400432
1.52769,139.672,0.00715962,0,0,0.405473
1.5467,139.832,0.00715139,0,0,0.410517
1.5657,140.437,0.00712064,0,0,0.415558
1.5847,140.485,0.00711812,0,0,0.4206
1.60371,141.113,0.00708652,0,0,0.425643
1.62271,141.126,0.00708592,0,0,0.430685
1.64171,142.411,0.00702194,0,0,0.435726
1.66072,142.93,0.00699635,0,0,0.44077
1.67972,143.602,0.0069637,0,0,0.445811
1.69872,143.877,0.00695035,0,0,0.450852
1.71773,145.303,0.00688214,0,0,0.455896
1.73673,146.353,0.00683273,0,0,0.460938
1.75573,147.496,0.00677984,0,0,0.465979
1.77474,148.089,0.00675268,0,0,0.471023
1.79374,148.713,0.00672436,0,0,0.476064
1.81274,148.763,0.00672215,0,0,0.481105
1.83175,149.651,0.00668221,0,0,0.486149
1.85075,151.231,0.0066124,0,0,0.49119
1.86975,151.923,0.00658229,0,0,0.496231
1.88876,151.967,0.00658036,0,0,0.501275
1.90776,152.682,0.00654962,0,0,0.506316
1.92676,153.782,0.0065027,0,0,0.511357
1.94576,154.731,0.00646282,0,0,0.516398
1.96477,155.25,0.00644126,0,0,0.521442
1.98377,155.52,0.00643001,0,0,0.526483
2.00277,156.661,0.00638324,0,0,0.531524
2.02178,156.84,0.0063759,0,0,0.536567
2.04078,157.647,0.00634334,0,0,0.541608
2.05978,157.779,0.00633799,0,0,0.546649
2.07879,158.412,0.00631264,0,0,0.551693
2.09779,158.928,0.00629212,0,0,0.556734
2.11679,159.113,0.00628484,0,0,0.561775
2.1358,159.137,0.00628395,0,0,0.566818
2.1548,159.791,0.00625822,0,0,0.571859
2.1738,160.558,0.00622823,0,0,0.5769
2.19281,161.13,0.00620617,0,0,0.581944
2.21181,161.112,0.00620685,0,0,0.586985
2.23081,161.212,0.00620304,0,0,0.592025
2.24982,161.475,0.00619289,0,0,0.597069
2.26882,161.589,0.00618851,0,0,0.60211
2.28782,161.982,0.00617354,0,0,0.60715
2.30683,162.031,0.0061717,0,0,0.612194
2.32583,162.407,0.00615737,0,0,0.617235
2.34483,162.439,0.00615611,0,0,0.622275
2.36384,162.513,0.00615341,0,0,0.627319
2.38284,162.604,0.00614994,0,0,0.632359
2.40184,163.213,0.00612695,0,0,0.6374
2.42085,163.784,0.00610561,0,0,0.642443
2.43985,164.063,0.00609523,0,0,0.647484
2.45885,164.574,0.00607633,0,0,0.652525
2.47786,163.997,0.0060977,0,0,0.657568
2.49686,164.32,0.00608572,0,0,0.662609
2.51586,164.013,0.00609704,0,0,0.667649
2.53487,164.411,0.0060823,0,0,0.672692
2.55387,164.37,0.00608382,0,0,0.677733
2.57287,164.958,0.00606215,0,0,0.682773
2.59188,164.962,0.00606196,0,0,0.687817
2.61088,164.324,0.00608553,0,0,0.692857
2.62988,163.97,0.00609865,0,0,0.697898
2.64889,164.159,0.00609161,0,0,0.702941
2.66789,164.443,0.00608117,0,0,0.707981
2.68689,164.551,0.00607718,0,0,0.713022
2.7059,164.448,0.00608098,0,0,0.718065
2.7249,164.236,0.00608886,0,0,0.723105
2.7439,164.456,0.0060806,0,0,0.728145
2.76291,165.181,0.00605394,0,0,0.733188
2.78191,165.611,0.00603824,0,0,0.738229
2.80091,165.809,0.00603102,0,0,0.743269
2.81992,165.736,0.00603364,0,0,0.748312
2.83892,165.118,0.0060563,0,0,0.753352
2.85792,164.535,0.00607775,0,0,0.758392
2.87692,164.132,0.00609266,0,0,0.763432
2.89593,164.318,0.00608572,0,0,0.768475
2.91493,164.32,0.00608572,0,0,0.773515
2.93393,163.86,0.00610275,0,0,0.778556
2.95294,163.581,0.00611316,0,0,0.783598
2.97194,163.282,0.00612436,0,0,0.788638
2.99094,163.014,0.00613444,0,0,0.793679
3.00995,163.174,0.00612848,162.417,162.331,0.798721
3.02895,163.591,0.00611278,162.561,162.47,0.803761
3.04795,163.803,0.00610485,162.683,162.585,0.808801
3.06696,163.274,0.00612465,162.784,162.679,0.813844
3.08596,163.278,0.00612455,162.865,162.752,0.818884
3.10496,163.285,0.00612426,162.927,162.805,0.823924
3.12397,163.534,0.00611498,162.973,162.839,0.828966
3.14297,163.428,0.0061189,163.002,162.854,0.834006
3.16197,163.01,0.00613463,163.017,162.852,0.839046
3.18098,162.414,0.00615708,163.02,162.833,0.844089
3.19998,161.874,0.00617762,163.02,162.799,0.849129
3.21898,161.816,0.00617985,163.006,162.749,0.854168
3.23799,162.14,0.00616753,162.99,162.685,0.859211
3.25699,162.751,0.00614435,162.978,162.608,0.864251
3.27599,163.179,0.0061282,162.985,162.518,0.86929
3.295,163.323,0.00612283,163.052,162.415,0.874333
3.314,162.657,0.00614791,163.305,162.301,0.879372
3.333,163.2,0.00612743,164.06,162.176,0.884412
3.35201,165.522,0.00604143,165.799,162.041,0.889454
3.37101,170.123,0.00587812,168.751,161.897,0.894494
3.39001,173.941,0.00574905,172.074,161.743,0.899534
3.40902,175.324,0.00570372,173.3,161.581,0.904576
3.42802,171.987,0.00581438,170.932,161.411,0.909615
3.44702,168.005,0.00595218,167.203,161.233,0.914655
3.46603,164.058,0.00609542,164.211,161.049,0.919697
3.48503,161.533,0.00619065,162.446,160.858,0.924736
3.50403,160.072,0.00624715,161.543,160.662,0.929776
3.52304,159.603,0.00626555,161.046,160.46,0.934818
3.54204,159.859,0.00625555,160.696,160.253,0.939857
3.56104,159.645,0.00626387,160.398,160.041,0.944897
3.58005,159.046,0.00628753,160.129,159.825,0.949939
3.59905,159.094,0.00628564,159.866,159.606,0.954978
3.61805,158.758,0.00629892,159.61,159.383,0.960017
3.63706,158.411,0.00631274,159.359,159.157,0.965059
3.65606,158.356,0.00631494,159.111,158.928,0.970098
3.67506,158.256,0.00631886,158.864,158.697,0.975138
3.69407,157.7,0.00634122,158.618,158.465,0.980179
3.71307,157.382,0.00635397,158.373,158.23,0.985219
3.73207,157.435,0.00635184,158.129,157.994,0.990258
3.75108,157.443,0.00635153,157.885,157.757,0.995299
3.77008,157.089,0.00636583,157.641,157.52,1.00034
3.78908,156.705,0.0063814,157.398,157.281,1.00538
3.80808,156.263,0.00639949,157.155,157.043,1.01042
3.82709,156.675,0.00638263,156.913,156.804,1.01546
3.84609,156.386,0.00639447,156.671,156.566,1.0205
3.86509,156.632,0.00638436,156.431,156.328,1.02554
3.8841,156.576,0.00638671,156.191,156.091,1.03058
3.9031,156.584,0.0063864,155.952,155.854,1.03562
3.9221,156.188,0.00640256,155.715,155.619,1.04066
3.94111,155.622,0.00642578,155.479,155.385,1.0457
3.96011,155.419,0.00643424,155.246,155.152,1.05074
3.97911,155.115,0.00644685,155.013,154.921,1.05577
3.99812,155.164,0.00644478,154.783,154.691,1.06082
4.01712,154.818,0.00645918,154.554,154.463,1.06585
4.03612,154.341,0.00647917,154.327,154.237,1.07089
4.05513,154.142,0.00648752,154.103,154.014,1.07593
4.07413,153.848,0.00649987,153.881,153.792,1.08097
4.09313,153.234,0.00652594,153.662,153.573,1.08601
4.11214,153.016,0.00653523,153.445,153.356,1.09105
4.13114,153.181,0.00652826,153.23,153.142,1.09609
4.15014,153.408,0.00651856,153.019,152.931,1.10113
4.16915,153.633,0.006509,152.81,152.722,1.10617
4.18815,153.581,0.0065112,152.604,152.516,1.11121
4.20715,152.883,0.00654094,152.401,152.313,1.11625
4.22616,152.304,0.00656587,152.2,152.113,1.12129
4.24516,151.705,0.0065918,152.003,151.916,1.12633
4.26416,152.265,0.00656747,151.809,151.722,1.13137
4.28317,152.71,0.00654835,151.618,151.531,1.13641
4.30217,152.587,0.00655365,151.431,151.343,1.14144
4.32117,151.938,0.00658165,151.246,151.158,1.14648
4.34018,151.264,0.0066109,151.065,150.977,1.15152
4.35918,150.898,0.00662694,150.887,150.798,1.15656
4.37818,151.45,0.00660284,150.713,150.624,1.1616
4.39719,151.24,0.00661197,150.541,150.452,1.16664
4.41619,151.534,0.00659919,150.374,150.284,1.17168
4.43519,151.163,0.00661541,150.209,150.119,1.17672
4.4542,150.948,0.00662479,150.048,149.957,1.18176
4.4732,150.587,0.00664067,149.89,149.799,1.1868
4.4922,150.4,0.0066489,149.735,149.644,1.19183
4.51121,149.853,0.00667315,149.584,149.492,1.19687
4.53021,149.587,0.00668505,149.436,149.344,1.20191
4.54921,149.997,0.00666683,149.292,149.199,1.20695
4.56822,149.981,0.00666748,149.151,149.057,1.21199
4.58722,150.09,0.00666269,149.013,148.918,1.21703
4.60622,149.535,0.00668745,148.878,148.783,1.22207
4.62523,149.13,0.00670554,148.747,148.651,1.22711
4.64423,148.631,0.00672811,148.619,148.522,1.23214
4.66323,148.654,0.006727,148.494,148.397,1.23718
4.68224,148.755,0.00672248,148.372,148.275,1.24222
4.70124,148.728,0.00672369,148.254,148.155,1.24726
4.72024,148.549,0.00673175,148.138,148.039,1.2523
4.73924,148.626,0.00672833,148.026,147.926,1.25733
4.75825,147.969,0.00675823,147.917,147.816,1.26237
4.77725,147.67,0.00677181,147.81,147.709,1.26741
4.79625,147.55,0.00677738,147.707,147.605,1.27245
4.81526,147.422,0.00678319,147.607,147.504,1.27749
4.83426,147.856,0.00676334,147.509,147.405,1.28253
4.85326,147.728,0.00676924,147.416,147.31,1.28756
4.87227,147.842,0.00676401,147.324,147.217,1.2926
4.89127,147.753,0.00676802,147.235,147.127,1.29764
4.91027,147.73,0.00676913,147.148,147.04,1.30268
4.92928,147.75,0.00676824,147.064,146.955,1.30772
4.94828,147.175,0.0067946,146.983,146.873,1.31275
4.96728,146.775,0.00681312,146.905,146.793,1.31779
4.98629,146.444,0.00682855,146.829,146.716,1.32283
5.00529,146.188,0.00684053,146.757,146.641,1.32787
5.02429,146.014,0.00684869,146.686,146.569,1.33291
5.0433,146.22,0.00683895,146.617,146.499,1.33794
5.0623,146.138,0.0068428,146.55,146.431,1.34298
5.0813,145.916,0.00685322,146.486,146.365,1.34802
5.10031,146.154,0.00684212,146.423,146.302,1.35306
5.11931,146.362,0.00683239,146.363,146.24,1.35809
5.13831,146.598,0.00682134,146.305,146.181,1.36313
5.15732,146.482,0.00682675,146.249,146.124,1.36817
5.17632,146.252,0.00683748,146.195,146.068,1.37321
5.19532,145.735,0.00686174,146.143,146.015,1.37824
5.21433,146.453,0.0068281,146.093,145.963,1.38328
5.23333,146.997,0.0068029,146.044,145.913,1.38832
5.25233,147.214,0.00679281,145.997,145.865,1.39336
5.27134,146.724,0.00681548,145.952,145.818,1.3984
5.29034,146.112,0.00684404,145.909,145.773,1.40343
5.30934,145.565,0.00686982,145.867,145.73,1.40847
5.32835,145.223,0.00688602,145.827,145.688,1.41351
5.34735,145.35,0.00687997,145.788,145.647,1.41854
5.36635,145.744,0.0068614,145.75,145.608,1.42358
5.38536,145.488,0.00687347,145.714,145.57,1.42862
5.40436,144.76,0.00690801,145.68,145.534,1.43366
5.42336,144.509,0.00691997,145.646,145.498,1.43869
5.44237,144.353,0.00692746,145.614,145.464,1.44373
5.46137,144.739,0.00690893,145.583,145.431,1.44877
5.48037,144.339,0.00692815,145.553,145.399,1.4538
5.49938,144.874,0.00690262,145.525,145.368,1.45884
5.51838,144.908,0.0069009,145.497,145.339,1.46388
5.53738,144.85,0.00690365,145.47,145.31,1.46891
5.55639,144.9,0.00690124,145.444,145.281,1.47395
5.57539,145,0.00689655,145.42,145.254,1.47899
5.59439,144.925,0.0069001,145.396,145.228,1.48402
5.6134,145.057,0.00689391,145.372,145.202,1.48906
5.6324,145.2,0.00688705,145.35,145.177,1.4941
5.6514,145.505,0.00687255,145.329,145.153,1.49913
5.67041,145.744,0.0068614,145.308,145.129,1.50417
5.68941,145.226,0.00688579,145.288,145.106,1.50921
5.70841,144.7,0.00691089,145.268,145.083,1.51424
5.72741,144.112,0.00693901,145.249,145.061,1.51928
5.74642,144.179,0.00693577,145.231,145.039,1.52432
5.76542,144.347,0.00692769,145.213,145.018,1.52935
5.78442,144.29,0.00693046,145.196,144.997,1.53439
5.80343,144.28,0.00693104,145.179,144.976,1.53942
5.82243,144.306,0.00692977,145.163,144.956,1.54446
5.84143,144.601,0.0069156,145.147,144.936,1.5495
5.86044,144.68,0.00691181,145.132,144.916,1.55453
5.87944,144.029,0.00694306,145.117,144.897,1.55957
5.89844,143.781,0.00695499,145.103,144.878,1.5646
5.91745,143.337,0.00697662,145.089,144.859,1.56964
5.93645,143.732,0.00695743,145.075,144.839,1.57468
5.95545,143.894,0.00694954,145.062,144.821,1.57971
5.97446,144.115,0.00693889,145.049,144.802,1.58475
5.99346,144.041,0.00694248,145.036,144.783,1.58978
6.01246,144.081,0.00694051,145.024,144.764,1.59482
6.03147,143.773,0.00695534,145.012,144.745,1.59986
6.05047,143.618,0.00696288,145.001,144.726,1.60489
6.06947,143.551,0.00696614,144.99,144.708,1.60993
6.08848,143.665,0.00696068,144.98,144.689,1.61496
6.10748,143.961,0.0069463,144.97,144.67,1.62
6.12648,144.205,0.00693462,144.961,144.65,1.62503
6.14549,144.369,0.00692665,144.952,144.631,1.63007
6.16449,144.457,0.00692251,144.945,144.612,1.6351
6.18349,144.791,0.00690652,144.937,144.592,1.64014
6.2025,145.985,0.00685005,144.931,144.572,1.64518
6.2215,146.352,0.00683284,144.926,144.553,1.65021
6.2405,148.942,0.006714,144.922,144.532,1.65524
6.25951,149.479,0.00668997,144.919,144.512,1.66028
6.27851,150.228,0.00665661,144.918,144.492,1.66532
6.29751,147.691,0.00677091,144.918,144.471,1.67035
6.31652,146.152,0.00684223,144.921,144.45,1.67539
6.33552,144.466,0.00692205,144.925,144.429,1.68042
6.35452,144.416,0.00692446,144.933,144.407,1.68545
6.37353,145.286,0.00688293,144.944,144.385,1.69049
6.39253,147.158,0.00679538,144.959,144.363,1.69552
6.41153,150.311,0.00665292,144.979,144.341,1.70056
6.43054,152.482,0.00655822,145.004,144.318,1.7056
6.44954,152.997,0.00653607,145.037,144.296,1.71063
6.46854,150.696,0.00663591,145.078,144.273,1.71566
6.48755,147.689,0.00677103,145.13,144.249,1.7207
6.50655,145.828,0.00685742,145.195,144.225,1.72573
6.52555,144.947,0.00689907,145.277,144.202,1.73077
6.54456,144.715,0.0069102,145.381,144.177,1.7358
6.56356,144.63,0.00691422,145.512,144.153,1.74084
6.58256,143.925,0.00694803,145.681,144.128,1.74587
6.60157,143.64,0.00696184,145.901,144.103,1.75091
6.62057,143.916,0.0069485,146.19,144.078,1.75594
6.63957,144.3,0.00693,146.582,144.052,1.76097
6.65857,144.326,0.00692873,147.139,144.027,1.76601
6.67758,144.876,0.00690251,148,144.001,1.77104
6.69658,146.439,0.00682878,149.465,143.974,1.77608
6.71558,149.648,0.00668232,152.101,143.948,1.78111
6.73459,153.827,0.00650081,156.749,143.921,1.78614
6.75359,162.422,0.00615679,164.197,143.894,1.79118
6.77259,169.786,0.00588976,174.447,143.867,1.79621
6.7916,178.801,0.00559285,185.286,143.84,1.80125
6.8106,184.772,0.00541206,190.763,143.812,1.80628
6.8296,186.991,0.00534782,186.085,143.785,1.81131
6.84861,179.724,0.0055641,175.389,143.757,1.81635
6.86761,170.566,0.00586283,164.894,143.729,1.82138
6.88661,159.779,0.00625862,157.117,143.701,1.82641
6.90562,153.9,0.00649767,152.19,143.673,1.83145
6.92462,148.98,0.00671235,149.358,143.645,1.83648
6.94362,145.659,0.00686538,147.766,143.616,1.84151
6.96263,145.002,0.00689643,146.817,143.588,1.84655
6.98163,144.78,0.0069071,146.191,143.559,1.85158
7.00063,144.538,0.00691859,145.739,143.531,1.85661
7.01964,143.951,0.00694676,145.395,143.502,1.86165
7.03864,143.82,0.00695313,145.123,143.474,1.86668
7.05764,144.027,0.00694317,144.903,143.445,1.87171
7.07665,144.431,0.00692366,144.722,143.417,1.87675
7.09565,144.38,0.00692619,144.57,143.388,1.88178
7.11465,143.82,0.00695313,144.441,143.36,1.88681
7.13366,143.463,0.00697044,144.329,143.332,1.89185
7.15266,143.436,0.00697172,144.231,143.303,1.89688
7.17166,143.485,0.0069694,144.145,143.275,1.90191
7.19067,143.421,0.00697254,144.068,143.247,1.90694
7.20967,143.461,0.00697056,143.999,143.22,1.91198
7.22867,143.564,0.00696556,143.936,143.192,1.91701
7.24768,143.667,0.00696056,143.878,143.165,1.92204
7.26668,144.082,0.00694051,143.825,143.137,1.92707
7.28568,144.051,0.00694201,143.777,143.11,1.93211
7.30469,143.734,0.00695731,143.731,143.084,1.93714
7.32369,143.766,0.00695568,143.689,143.057,1.94217
7.34269,143.636,0.00696207,143.649,143.031,1.9472
7.3617,144.022,0.0069434,143.612,143.005,1.95224
7.3807,143.785,0.00695487,143.577,142.98,1.95727
7.3997,143.903,0.00694919,143.544,142.955,1.9623
7.41871,143.848,0.00695174,143.513,142.93,1.96733
7.43771,143.719,0.00695801,143.484,142.905,1.97237
7.45671,143.628,0.00696242,143.457,142.881,1.9774
7.47572,143.409,0.006973,143.431,142.858,1.98243
7.49472,143.811,0.0069536,143.406,142.835,1.98746
7.51372,144.131,0.00693808,143.383,142.812,1.99249
7.53273,144.114,0.00693901,143.362,142.79,1.99753
7.55173,143.759,0.00695615,143.342,142.768,2.00256
7.57073,143.791,0.00695452,143.323,142.747,2.00759
7.58973,144.418,0.00692435,143.305,142.727,2.01262
7.60874,144.536,0.00691871,143.289,142.707,2.01765
7.62774,144.28,0.00693104,143.274,142.688,2.02268
7.64674,143.753,0.00695638,143.26,142.669,2.02771
7.66575,143.763,0.00695592,143.248,142.651,2.03275
7.68475,143.915,0.0069485,143.237,142.633,2.03778
7.70375,144.174,0.006936,143.228,142.616,2.04281
7.72276,144.103,0.00693947,143.219,142.6,2.04784
7.74176,144.443,0.0069232,143.212,142.585,2.05287
7.76076,144.343,0.00692792,143.207,142.57,2.0579
7.77977,144.18,0.00693577,143.203,142.556,2.06293
7.79877,144.056,0.00694167,143.2,142.543,2.06796
7.81777,144.413,0.00692458,143.199,142.531,2.07299
7.83678,144.716,0.00691008,143.199,142.519,2.07803
7.85578,144.622,0.00691456,143.201,142.508,2.08306
7.87478,144.155,0.00693693,143.204,142.498,2.08809
7.89379,144.292,0.00693035,143.209,142.489,2.09312
7.91279,144.08,0.00694063,143.216,142.481,2.09815
7.93179,144.139,0.00693774,143.224,142.473,2.10318
7.9508,144.11,0.00693912,143.235,142.467,2.10821
7.9698,144.353,0.00692746,143.247,142.461,2.11324
7.9888,144.604,0.00691537,143.261,142.457,2.11827
8.00781,144.953,0.00689872,143.276,142.453,2.1233
8.02681,145.466,0.00687449,143.294,142.45,2.12833
8.04581,145.494,0.00687312,143.314,142.448,2.13336
8.06482,145.147,0.00688956,143.336,142.447,2.13839
8.08382,144.926,0.0069001,143.361,142.447,2.14342
8.10282,144.852,0.00690365,143.388,142.448,2.14845
8.12183,144.786,0.00690675,143.417,142.45,2.15348
8.14083,144.964,0.00689826,143.449,142.454,2.15851
8.15983,145.058,0.0068938,143.483,142.458,2.16354
8.17884,145.383,0.00687837,143.52,142.463,2.16857
8.19784,145.248,0.00688476,143.56,142.469,2.1736
8.21684,145.369,0.00687905,143.603,142.476,2.17863
8.23585,145.567,0.00686971,143.65,142.485,2.18366
8.25485,145.66,0.00686527,143.7,142.494,2.18869
8.27385,145.644,0.00686606,143.753,142.505,2.19372
8.29286,145.777,0.00685981,143.81,142.516,2.19875
8.31186,146.035,0.00684767,143.872,142.529,2.20378
8.33086,146.013,0.00684869,143.937,142.543,2.20881
8.34987,145.696,0.00686356,144.008,142.558,2.21384
8.36887,145.79,0.00685913,144.083,142.574,2.21887
8.38787,145.801,0.00685867,144.163,142.591,2.2239
8.40688,145.755,0.00686083,144.249,142.609,2.22893
8.42588,145.558,0.00687005,144.342,142.628,2.23395
8.44488,145.83,0.00685731,144.441,142.649,2.23898
8.46389,146.176,0.0068411,144.547,142.671,2.24401
8.48289,146.159,0.00684189,144.661,142.694,2.24904
8.50189,146.1,0.00684461,144.784,142.717,2.25407
8.52089,146.036,0.00684755,144.916,142.743,2.2591
8.5399,146.096,0.00684483,145.058,142.769,2.26413
8.5589,146.163,0.00684166,145.212,142.796,2.26916
8.5779,146.563,0.00682303,145.379,142.825,2.27418
8.59691,146.676,0.00681773,145.561,142.855,2.27921
8.61591,146.565,0.00682292,145.758,142.885,2.28424
8.63491,146.199,0.00683997,145.973,142.917,2.28927
8.65392,146.041,0.00684733,146.209,142.951,2.2943
8.67292,145.876,0.00685515,146.468,142.985,2.29933
8.69192,145.889,0.00685447,146.754,143.02,2.30435
8.71093,146.296,0.00683544,147.071,143.057,2.30938
8.72993,146.937,0.0068057,147.424,143.095,2.31441
8.74893,147.115,0.0067974,147.818,143.133,2.31944
8.76794,147.103,0.00679796,148.262,143.173,2.32447
8.78694,147.202,0.00679337,148.764,143.215,2.32949
8.80594,147.547,0.00677749,149.336,143.257,2.33452
8.82495,147.753,0.00676802,149.991,143.3,2.33955
8.84395,147.821,0.0067649,150.749,143.344,2.34458
8.86295,147.898,0.00676145,151.634,143.39,2.3496
8.88196,147.992,0.00675712,152.675,143.437,2.35463
8.90096,147.842,0.00676401,153.915,143.484,2.35966
8.91996,148.003,0.00675667,155.409,143.533,2.36469
8.93897,148.817,0.00671973,157.237,143.583,2.36972
8.95797,150.329,0.00665205,159.508,143.634,2.37474
8.97697,152.131,0.00657332,162.403,143.686,2.37977
8.99598,154.788,0.00646043,166.233,143.738,2.3848
9.01498,158.657,0.00630292,171.568,143.792,2.38982
9.03398,166.562,0.00600376,179.489,143.847,2.39485
9.05299,182.932,0.00546654,191.862,143.903,2.39988
9.07199,212.525,0.00470535,211.435,143.96,2.4049
9.09099,251.873,0.00397026,241.471,144.018,2.40993
9.11,290.336,0.00344426,284.48,144.077,2.41496
9.129,343.42,0.00291188,339.468,144.137,2.41998
9.148,390.118,0.00256333,396.505,144.198,2.42501
9.16701,416.44,0.0024013,430.785,144.259,2.43004
9.18601,402.363,0.00248532,418.637,144.322,2.43506
9.20501,361.235,0.00276828,370.369,144.386,2.44009
9.22402,319.893,0.00312603,314.74,144.45,2.44512
9.24302,277.988,0.00359727,268.908,144.515,2.45014
9.26202,252.788,0.00395589,237.688,144.581,2.45517
9.28103,238.853,0.00418666,220.645,144.648,2.4602
9.30003,239.319,0.00417854,215.723,144.716,2.46522
9.31903,236.066,0.00423613,220.594,144.784,2.47025
9.33804,248.307,0.0040273,232.599,144.854,2.47527
9.35704,253.048,0.00395181,246.962,144.924,2.4803
9.37604,258.438,0.0038694,254.777,144.995,2.48532
9.39505,245.874,0.00406711,248.067,145.066,2.49035
9.41405,233.585,0.00428109,229.984,145.138,2.49538
9.43305,212.123,0.00471427,209.641,145.211,2.5004
9.45206,192.376,0.00519813,192.406,145.285,2.50543
9.47106,174.786,0.00572125,179.65,145.359,2.51045
9.49006,163.996,0.0060977,170.92,145.434,2.51548
9.50906,157.882,0.00633385,165.195,145.51,2.5205
9.52807,154.802,0.00645991,161.452,145.586,2.52553
9.54707,152.865,0.00654168,158.925,145.662,2.53055
9.56607,151.945,0.00658133,157.125,145.74,2.53558
9.58508,151.371,0.00660628,155.776,145.817,2.54061
9.60408,150.924,0.00662587,154.729,145.896,2.54563
9.62308,150.624,0.00663904,153.897,145.975,2.55065
9.64209,150.558,0.00664197,153.228,146.054,2.55568
9.66109,150.523,0.00664348,152.686,146.133,2.5607
9.68009,150.606,0.0066398,152.245,146.214,2.56573
9.6991,150.545,0.00664251,151.886,146.294,2.57075
9.7181,150.178,0.00665878,151.595,146.375,2.57578
9.7371,150.046,0.00666465,151.362,146.456,2.5808
9.75611,149.988,0.00666716,151.177,146.538,2.58583
9.77511,150.03,0.0066653,151.034,146.62,2.59085
9.79411,150.242,0.00665595,150.929,146.702,2.59587
9.81312,150.748,0.00663364,150.858,146.785,2.6009
9.83212,151.05,0.00662037,150.818,146.867,2.60592
9.85112,151.065,0.00661961,150.809,146.95,2.61095
9.87013,151.787,0.00658817,150.83,147.034,2.61597
9.88913,152.265,0.00656747,150.882,147.117,2.621
9.90813,153.047,0.00653396,150.967,147.2,2.62602
9.92714,153.754,0.00650385,151.088,147.284,2.63104
9.94614,154.138,0.00648773,151.253,147.368,2.63607
9.96514,153.93,0.00649651,151.47,147.452,2.64109
9.98415,153.496,0.00651488,151.758,147.536,2.64612
10.0031,153.087,0.00653216,152.147,147.62,2.65112
10.0222,152.978,0.00653692,152.697,147.704,2.65617
10.0412,153.018,0.00653523,153.499,147.788,2.6612
10.0602,153.747,0.00650417,154.701,147.872,2.66622
10.0792,155.438,0.00643341,156.496,147.956,2.67124
10.0982,159.774,0.00625881,159.08,148.04,2.67626
10.1172,167.506,0.00596995,162.565,148.124,2.68129
10.1362,176.658,0.00566063,166.765,148.208,2.68631
10.1552,183.445,0.00545121,170.804,148.292,2.69133
10.1742,185.137,0.00540141,173.016,148.375,2.69635
10.1932,184.19,0.00542915,172.361,148.459,2.70137
10.2122,180.719,0.00553343,169.651,148.542,2.7064
10.2312,177.662,0.00562866,166.164,148.625,2.71142
10.2502,174.714,0.00572368,162.717,148.708,2.71644
10.2692,171.894,0.00581757,159.844,148.79,2.72146
10.2882,166.751,0.00599698,157.748,148.873,2.72648
10.3072,161.219,0.00620275,156.365,148.955,2.7315
10.3262,158.18,0.00632187,155.529,149.036,2.73652
10.3452,156.585,0.0063863,155.081,149.118,2.74155
10.3642,155.726,0.00642156,154.899,149.199,2.74657
10.3832,155.243,0.00644147,154.905,149.279,2.75159
10.4022,155.01,0.0064512,155.053,149.36,2.75661
10.4212,155.283,0.00643981,155.325,149.439,2.76163
10.4402,155.456,0.00643269,155.717,149.519,2.76665
10.4592,155.96,0.00641189,156.238,149.598,2.77167
10.4782,156.336,0.00639642,156.909,149.676,2.77669
10.4972,157.01,0.00636898,157.764,149.755,2.78171
10.5162,157.863,0.00633456,158.86,149.832,2.78673
10.5352,158.896,0.00629342,160.293,149.909,2.79175
10.5542,160.171,0.0062433,162.23,149.986,2.79678
10.5732,162.52,0.00615312,164.964,150.062,2.8018
10.5923,165.236,0.00605196,169.01,150.138,2.80684
10.6113,169.292,0.00590698,175.067,150.213,2.81186
10.6303,176.01,0.00568147,184.105,150.287,2.81688
10.6493,193.273,0.005174,197.105,150.361,2.8219
10.6683,212.453,0.0047069,214.637,150.434,2.82692
10.6873,240.018,0.00416636,235.941,150.507,2.83194
10.7063,253.722,0.0039413,257.021,150.579,2.83696
10.7253,264.523,0.00378037,269.249,150.65,2.84198
10.7443,259.868,0.00384812,264.968,150.721,2.847
10.7633,248.185,0.00402925,247.146,150.79,2.85202
10.7823,225.213,0.00444024,225.264,150.86,2.85704
10.8013,203.027,0.00492542,205.712,150.928,2.86206
10.8203,186.645,0.00535777,190.568,150.996,2.86708
10.8393,174.59,0.00572775,179.762,151.063,2.8721
10.8583,168.241,0.00594383,172.439,151.13,2.87712
10.8773,164.332,0.00608525,167.598,151.195,2.88214
10.8963,162.261,0.00616288,164.379,151.26,2.88716
10.9153,160.603,0.00622656,162.17,151.324,2.89218
10.9343,159.079,0.00628624,160.585,151.388,2.89719
10.9533,158.188,0.00632157,159.399,151.451,2.90221
10.9723,157.485,0.00634981,158.484,151.512,2.90723
10.9913,157.295,0.00635751,157.763,151.574,2.91225
11.0103,156.782,0.00637835,157.188,151.634,2.91727
11.0293,156.315,0.00639734,156.724,151.693,2.92229
11.0483,155.979,0.00641107,156.348,151.752,2.92731
11.0673,155.613,0.00642619,156.043,151.81,2.93232
11.0863,155.383,0.00643568,155.793,151.867,2.93734
11.1053,155.559,0.00642846,155.59,151.924,2.94236
11.1243,156.363,0.00639539,155.425,151.979,2.94738
11.1433,158.118,0.00632439,155.292,152.034,2.9524
11.1623,158.793,0.00629752,155.185,152.088,2.95741
11.1814,158.047,0.00632721,155.101,152.141,2.96246
11.2004,156.542,0.00638804,155.037,152.193,2.96748
11.2194,155.886,0.00641498,154.989,152.245,2.97249
11.2384,155.711,0.00642218,154.957,152.295,2.97751
11.2574,155.855,0.00641621,154.938,152.345,2.98253
11.2764,155.772,0.00641971,154.93,152.394,2.98755
11.2954,155.981,0.00641107,154.933,152.442,2.99256
11.3144,156.067,0.00640748,154.947,152.49,2.99758
11.3334,156.175,0.00640307,154.969,152.536,3.0026
11.3524,155.932,0.00641302,155,152.582,3.00762
11.3714,155.649,0.00642465,155.04,152.627,3.01263
11.3904,154.911,0.00645535,155.088,152.671,3.01765
11.4094,154.938,0.0064542,155.144,152.715,3.02267
11.4284,154.99,0.00645203,155.208,152.758,3.02768
11.4474,155.123,0.00644654,155.281,152.799,3.0327
11.4664,155.025,0.00645058,155.363,152.84,3.03772
11.4854,155.171,0.00644447,155.454,152.881,3.04273
11.5044,155.224,0.00644229,155.555,152.92,3.04775
11.5234,155.157,0.00644509,155.666,152.959,3.05277
11.5424,155.152,0.0064453,155.79,152.997,3.05778
11.5614,155.308,0.00643878,155.926,153.035,3.0628
11.5804,155.455,0.00643269,156.078,153.072,3.06781
11.5994,155.383,0.00643568,156.245,153.108,3.07283
11.6184,155.772,0.0064196,156.432,153.143,3.07785
11.6374,156.169,0.00640328,156.64,153.178,3.08286
11.6564,157.004,0.00636929,156.873,153.212,3.08788
11.6754,157.345,0.00635548,157.136,153.245,3.09289
11.6944,157.806,0.00633688,157.433,153.278,3.09791
11.7134,158.189,0.00632157,157.771,153.31,3.10292
11.7324,159.209,0.00628106,158.158,153.341,3.10794
11.7515,160.681,0.00622351,158.607,153.372,3.11298
11.7705,161.572,0.00618919,159.126,153.402,3.118
11.7895,162.159,0.00616675,159.735,153.432,3.12301
11.8085,162.392,0.00615795,160.457,153.461,3.12803
11.8275,162.557,0.00615167,161.321,153.49,3.13304
11.8465,162.421,0.00615689,162.371,153.518,3.13806
11.8655,162.721,0.0061455,163.671,153.545,3.14307
11.8845,163.493,0.00611651,165.322,153.573,3.14809
11.9035,165.076,0.00605781,167.487,153.599,3.1531
11.9225,166.939,0.0059902,170.44,153.625,3.15812
11.9415,169.676,0.00589356,174.608,153.651,3.16313
11.9605,174.301,0.00573721,180.614,153.677,3.16815
11.9795,183.316,0.00545508,189.257,153.702,3.17316
11.9985,199.103,0.00502252,201.408,153.726,3.17817
12.0175,223.725,0.0044698,217.743,153.75,3.18319
12.0365,248.222,0.00402863,238.184,153.774,3.1882
12.0555,266.333,0.0037547,260.68,153.798,3.19322
12.0745,274.415,0.00364411,279.429,153.821,3.19823
12.0935,275.809,0.0036257,285.808,153.845,3.20324
12.1125,270.666,0.0036946,275.997,153.867,3.20826
12.1315,254.806,0.00392458,255.76,153.89,3.21327
12.1505,234.785,0.00425921,233.513,153.913,3.21828
12.1695,211.697,0.00472374,214.072,153.935,3.2233
12.1885,194.675,0.00513677,198.876,153.957,3.22831
12.2075,184.247,0.00542747,187.749,153.979,3.23332
12.2265,178.119,0.00561424,179.937,154.001,3.23834
12.2455,173.899,0.00575044,174.569,154.023,3.24335
12.2645,171.066,0.00584572,170.883,154.045,3.24836
12.2835,169.261,0.00590807,168.304,154.066,3.25338
12.3025,167.838,0.00595815,166.445,154.088,3.25839
12.3215,166.966,0.00598927,165.066,154.11,3.2634
12.3406,166.067,0.00602166,164.016,154.132,3.26844
12.3596,165.283,0.00605027,163.219,154.154,3.27345
12.3786,165.164,0.0060546,162.612,154.176,3.27847
12.3976,165.204,0.00605309,162.16,154.198,3.28348
12.4166,165.111,0.00605649,161.836,154.22,3.28849
12.4356,164.917,0.00606366,161.624,154.243,3.2935
12.4546,164.465,0.00608031,161.513,154.265,3.29851
12.4736,164.252,0.00608819,161.496,154.288,3.30353
12.4926,164.106,0.00609361,161.571,154.311,3.30854
12.5116,164.212,0.00608971,161.739,154.335,3.31355
12.5306,164.193,0.00609038,162.007,154.358,3.31856
12.5496,164.145,0.00609218,162.383,154.382,3.32357
12.5686,164.516,0.00607842,162.884,154.407,3.32859
12.5876,165.063,0.00605828,163.531,154.431,3.3336
12.6066,165.522,0.00604153,164.357,154.457,3.33861
12.6256,165.949,0.00602597,165.409,154.482,3.34362
12.6446,166.661,0.00600023,166.762,154.508,3.34863
12.6636,168.264,0.0059431,168.53,154.535,3.35364
12.6826,169.698,0.00589284,170.902,154.562,3.35865
12.7016,172.143,0.00580915,174.177,154.589,3.36366
12.7206,174.55,0.00572905,178.802,154.617,3.36867
12.7396,179.446,0.00557266,185.394,154.646,3.37368
12.7586,186.973,0.00534837,194.707,154.675,3.3787
12.7776,201.866,0.00495375,207.512,154.705,3.38371
12.7966,226.91,0.00440705,224.344,154.735,3.38872
12.8156,252.355,0.00396266,244.936,154.766,3.39373
12.8346,272.006,0.00367639,267.045,154.798,3.39874
12.8536,285.3,0.00350509,284.952,154.83,3.40375
12.8726,289.719,0.00345163,290.723,154.864,3.40876
12.8916,278.951,0.00358487,281.073,154.898,3.41377
12.9106,258.579,0.00386729,261.282,154.932,3.41878
12.9297,238.997,0.00418417,239.054,154.968,3.42381
12.9487,222.723,0.00448989,219.353,155.004,3.42882
12.9677,204.078,0.00490008,203.612,155.041,3.43383
12.9867,191.186,0.00523051,191.799,155.079,3.43884
13.0057,178.879,0.00559043,183.276,155.118,3.44385
13.0247,173.427,0.00576609,177.258,155.158,3.44886
13.0437,169.236,0.00590888,173.019,155.199,3.45387
13.0627,166.44,0.00600814,169.988,155.24,3.45888
13.0817,165.319,0.00604895,167.76,155.283,3.46389
13.1007,164.189,0.00609057,166.068,155.326,3.4689
13.1197,163.305,0.0061235,164.745,155.371,3.47391
13.1387,162.665,0.00614762,163.688,155.416,3.47891
13.1577,162.178,0.00616608,162.831,155.462,3.48392
13.1767,161.577,0.00618899,162.127,155.51,3.48893
13.1957,161.294,0.00619982,161.545,155.558,3.49394
13.2147,160.901,0.00621498,161.062,155.608,3.49895
13.2337,161.065,0.00620871,160.66,155.658,3.50396
13.2527,160.949,0.00621312,160.326,155.71,3.50896
13.2717,161.182,0.00620421,160.048,155.762,3.51397
13.2907,161.428,0.00619465,159.818,155.816,3.51898
13.3097,161.824,0.00617956,159.631,155.871,3.52399
13.3287,162.111,0.0061686,159.483,155.926,3.529
13.3477,162.175,0.00616617,159.368,155.983,3.534
13.3667,161.572,0.00618919,159.286,156.041,3.53901
13.3857,161.072,0.00620842,159.237,156.1,3.54402
13.4047,160.584,0.00622725,159.22,156.161,3.54903
13.4237,160.179,0.006243,159.24,156.222,3.55403
13.4427,159.932,0.00625268,159.303,156.284,3.55904
13.4617,159.855,0.00625565,159.423,156.348,3.56405
13.4807,160.321,0.00623748,159.617,156.412,3.56905
13.4998,160.542,0.00622892,159.916,156.478,3.57409
13.5188,160.959,0.00621282,160.351,156.545,3.57909
13.5378,161.249,0.00620157,160.962,156.613,3.5841
13.5568,162.291,0.00616182,161.782,156.682,3.58911
13.5758,164.242,0.00608857,162.82,156.752,3.59411
13.5948,166.07,0.00602157,164.018,156.823,3.59912
13.6138,167.755,0.0059611,165.182,156.896,3.60413
13.6328,168.824,0.00592335,165.939,156.969,3.60913
13.6518,169.393,0.00590344,165.936,157.043,3.61414
13.6708,169.34,0.00590525,165.186,157.119,3.61915
13.6898,167.991,0.00595273,164.055,157.195,3.62415
13.7088,166.021,0.00602335,162.904,157.273,3.62916
13.7278,164.123,0.00609294,161.918,157.351,3.63416
13.7468,162.73,0.00614512,161.147,157.431,3.63917
13.7658,161.7,0.00618432,160.58,157.511,3.64417
13.7848,161.095,0.00620754,160.181,157.592,3.64918
13.8038,160.629,0.00622548,159.911,157.675,3.65418
13.8228,160.372,0.00623551,159.734,157.758,3.65919
13.8418,160.22,0.00624142,159.622,157.842,3.6642
13.8608,159.686,0.00626228,159.555,157.927,3.6692
13.8798,159.629,0.00626456,159.52,158.013,3.67421
13.8988,159.726,0.0062607,159.506,158.099,3.67921
13.9178,159.847,0.00625594,159.51,158.187,3.68421
13.9368,159.915,0.00625337,159.526,158.275,3.68922
13.9558,160.139,0.00624458,159.553,158.364,3.69422
13.9748,160.231,0.00624093,159.588,158.453,3.69923
13.9938,160.084,0.00624675,159.63,158.544,3.70423
14.0128,159.702,0.00626169,159.678,158.635,3.70924
14.0318,159.865,0.00625525,159.732,158.726,3.71424
14.0508,159.886,0.00625446,159.79,158.818,3.71924
14.0698,160.006,0.00624971,159.852,158.911,3.72425
14.0889,160.015,0.00624942,159.917,159.004,3.72928
14.1079,160.079,0.00624695,159.986,159.098,3.73428
14.1269,160.248,0.00624034,160.057,159.192,3.73929
14.1459,159.955,0.00625179,160.13,159.286,3.74429
14.1649,159.886,0.00625446,160.205,159.381,3.74929
14.1839,159.792,0.00625812,160.283,159.476,3.7543
14.2029,160.106,0.00624586,160.362,159.571,3.7593
14.2219,160.115,0.00624547,160.443,159.666,3.7643
14.2409,159.718,0.00626099,160.525,159.761,3.76931
14.2599,159.53,0.00626843,160.608,159.857,3.77431
14.2789,159.667,0.00626308,160.693,159.952,3.77931
14.2979,159.977,0.0062509,160.778,160.048,3.78431
14.3169,160.224,0.00624122,160.865,160.143,3.78932
14.3359,160.753,0.00622067,160.952,160.239,3.79432
14.3549,161.014,0.00621067,161.04,160.334,3.79932
14.3739,161.071,0.00620842,161.129,160.428,3.80432
14.3929,161.263,0.00620109,161.218,160.523,3.80932
14.4119,161.441,0.00619426,161.307,160.617,3.81433
14.4309,161.452,0.00619377,161.398,160.711,3.81933
14.4499,161.156,0.00620519,161.488,160.804,3.82433
14.4689,160.926,0.006214,161.579,160.897,3.82933
14.4879,160.885,0.00621557,161.67,160.989,3.83433
14.5069,161.148,0.00620548,161.761,161.081,3.83934
14.5259,161.158,0.00620509,161.852,161.171,3.84434
14.5449,161.161,0.00620499,161.944,161.261,3.84934
14.5639,161.187,0.00620402,162.035,161.35,3.85434
14.5829,161.212,0.00620304,162.126,161.438,3.85934
14.6019,161.002,0.00621106,162.216,161.525,3.86434
14.6209,160.809,0.00621851,162.306,161.611,3.86934
14.6399,160.695,0.00622292,162.396,161.696,3.87434
14.6589,160.638,0.00622518,162.485,161.779,3.87934
14.678,160.748,0.00622096,162.575,161.862,3.88437
14.697,161.048,0.0062093,162.664,161.943,3.88937
14.716,161.145,0.00620558,162.753,162.022,3.89437
14.735,161.175,0.00620441,162.842,162.1,3.89937
14.754,161.043,0.00620949,162.93,162.176,3.90437
14.773,161.068,0.00620861,163.019,162.251,3.90937
14.792,160.969,0.00621233,163.107,162.324,3.91437
14.811,160.836,0.00621753,163.195,162.395,3.91937
14.83,161.063,0.00620871,163.283,162.464,3.92437
14.849,161.401,0.00619572,163.371,162.531,3.92937
14.868,161.766,0.00618179,163.459,162.596,3.93437
14.887,161.863,0.0061781,163.548,162.658,3.93937
14.906,161.87,0.00617781,163.637,162.719,3.94437
14.925,162.044,0.00617112,163.727,162.777,3.94937
14.944,162.279,0.00616221,163.818,162.833,3.95437
14.963,162.709,0.00614598,163.91,162.887,3.95937
14.982,162.639,0.00614859,164.004,162.937,3.96436
15.001,162.535,0.00615254,164.1,162.986,3.96936
15.02,162.543,0.00615225,164.199,163.031,3.97436
15.039,162.53,0.00615273,164.302,163.074,3.97936
15.058,162.437,0.00615621,164.409,163.114,3.98436
15.077,162.315,0.00616085,164.522,163.151,3.98936
15.096,162.503,0.0061537,164.642,163.185,3.99435
15.115,162.621,0.00614926,164.771,163.216,3.99935
15.134,162.543,0.00615225,164.91,163.243,4.00435
15.153,162.506,0.0061536,165.063,163.268,4.00935
15.172,162.796,0.00614261,165.233,163.289,4.01435
15.191,163.025,0.00613405,165.426,163.307,4.01934
15.21,163.013,0.00613444,165.646,163.321,4.02434
15.229,163.129,0.00613011,165.904,163.332,4.02934
15.2481,163.472,0.00611727,166.215,163.339,4.03436
15.2671,163.992,0.00609789,166.595,163.343,4.03936
15.2861,164.7,0.00607169,167.075,163.343,4.04436
15.3051,165.627,0.00603768,167.696,163.339,4.04935
15.3241,167.019,0.00598733,168.513,163.331,4.05435
15.3431,168.318,0.00594108,169.593,163.319,4.05935
15.3621,170.972,0.00584893,171.013,163.303,4.06434
15.3811,175.816,0.00568773,172.844,163.284,4.06934
15.4001,184.629,0.00541629,175.133,163.26,4.07434
15.4191,190.312,0.0052545,177.844,163.232,4.07933
15.4381,195.999,0.00510204,180.764,163.2,4.08433
15.4571,200.397,0.00499007,183.371,163.163,4.08932
15.4761,206.281,0.00484775,184.883,163.123,4.09432
15.4951,207.598,0.00481698,184.731,163.078,4.09932
15.5141,202.647,0.0049347,183.095,163.028,4.10431
15.5331,199.022,0.00502458,180.736,162.974,4.10931
15.5521,191.845,0.00521255,178.386,162.916,4.1143
15.5711,184.658,0.00541541,176.465,162.854,4.1193
15.5901,177.448,0.00563542,175.15,162.786,4.12429
15.6091,170.955,0.00584947,174.502,162.715,4.12929
15.6281,169.112,0.00591325,174.557,162.639,4.13428
15.6471,167.966,0.00595356,175.355,162.558,4.13928
15.6661,168.237,0.00594401,176.958,162.473,4.14427
15.6851,169.645,0.00589465,179.438,162.383,4.14927
15.7041,172.776,0.00578787,182.844,162.289,4.15426
15.7231,177.632,0.00562959,187.128,162.19,4.15926
15.7421,185.28,0.0053972,191.989,162.087,4.16425
15.7611,193.737,0.00516167,196.639,161.979,4.16925
15.7801,200.781,0.00498057,199.729,161.866,4.17424
15.7991,205.103,0.00487561,199.935,161.749,4.17923
15.8181,205.827,0.00485843,197.049,161.628,4.18423
15.8372,202.245,0.00494449,192.147,161.502,4.18925
15.8562,195.725,0.00510919,186.713,161.372,4.19424
15.8752,186.931,0.00534954,181.657,161.237,4.19924
15.8942,177.967,0.00561904,177.367,161.099,4.20423
15.9132,171.354,0.00583589,173.905,160.956,4.20922
15.9322,167.133,0.00598325,171.195,160.809,4.21422
15.9512,164.581,0.00607605,169.108,160.658,4.21921
15.9702,163.163,0.00612887,167.511,160.503,4.2242
15.9892,162.087,0.00616947,166.285,160.344,4.22919
16.0082,161.096,0.00620744,165.333,160.182,4.23419
16.0272,160.573,0.00622764,164.584,160.016,4.23918
16.0462,160.446,0.00623265,163.99,159.846,4.24417
16.0652,160.311,0.00623787,163.517,159.673,4.24916
16.0842,159.949,0.00625199,163.141,159.496,4.25416
16.1032,159.872,0.00625495,162.837,159.317,4.25915
16.1222,160.118,0.00624537,162.575,159.134,4.26414
16.1412,160.094,0.00624636,162.308,158.949,4.26913
16.1602,159.824,0.00625693,161.982,158.761,4.27412
16.1792,159.583,0.00626635,161.573,158.571,4.27912
16.1982,159.231,0.00628016,161.103,158.378,4.28411
16.2172,158.801,0.00629722,160.614,158.183,4.2891
16.2362,158.342,0.00631545,160.14,157.987,4.29409
16.2552,158.219,0.00632037,159.698,157.789,4.29908
16.2742,158.047,0.00632721,159.293,157.589,4.30407
16.2932,157.885,0.00633375,158.92,157.389,4.30906
16.3122,157.937,0.00633164,158.577,157.187,4.31405
16.3312,158.022,0.00632821,158.257,156.986,4.31905
16.3502,158.334,0.00631575,157.956,156.783,4.32404
16.3692,158.385,0.00631374,157.67,156.581,4.32903
16.3882,159.464,0.00627101,157.396,156.379,4.33402
16.4073,159.265,0.00627887,157.131,156.177,4.33903
16.4263,159.115,0.00628474,156.875,155.977,4.34402
16.4453,157.989,0.00632952,156.627,155.778,4.34901
16.4643,158.256,0.00631886,156.386,155.582,4.354
16.4833,157.324,0.0063563,156.15,155.387,4.35899
16.5023,157.366,0.00635467,155.922,155.195,4.36398
16.5213,157.446,0.00635143,155.699,155.006,4.36897
16.5403,157.339,0.00635569,155.482,154.82,4.37396
16.5593,156.696,0.00638181,155.272,154.638,4.37895
16.5783,155.23,0.00644209,155.068,154.461,4.38394
16.5973,154.671,0.00646531,154.871,154.288,4.38893
16.6163,154.282,0.00648167,154.681,154.121,4.39392
16.6353,154.486,0.00647312,154.499,153.96,4.39891
16.6543,154.643,0.00646656,154.324,153.805,4.4039
16.6733,154.632,0.00646698,154.158,153.658,4.40888
16.6923,154.167,0.00648647,154.001,153.518,4.41387
16.7113,153.654,0.00650815,153.852,153.386,4.41886
16.7303,153.448,0.00651688,153.714,153.263,4.42385
16.7493,153.387,0.00651941,153.586,153.15,4.42884
16.7683,153.441,0.00651719,153.47,153.047,4.43383
16.7873,153.729,0.00650501,153.365,152.955,4.43881
16.8063,153.579,0.00651131,153.272,152.874,4.4438
16.8253,153.291,0.00652351,153.192,152.806,4.44879
16.8443,152.729,0.00654761,153.126,152.751,4.45378
16.8633,152.738,0.00654718,153.075,152.71,4.45876
16.8823,152.835,0.00654305,153.039,152.684,4.46375
16.9013,152.865,0.00654168,153.019,152.674,4.46874
16.9203,152.722,0.00654782,153.016,152.68,4.47372
16.9393,152.642,0.00655132,153.03,152.703,4.47871
16.9583,152.602,0.00655301,153.064,152.744,4.4837
16.9773,152.862,0.00654189,153.117,152.805,4.48868
16.9964,153.344,0.0065213,153.191,152.887,4.4937
17.0154,154.288,0.00648136,153.286,152.989,4.49868
17.0344,155.487,0.00643135,0,0,4.50367
17.0534,156.977,0.00637041,0,0,4.50866
17.0724,157.921,0.00633224,0,0,4.51364
17.0914,158.803,0.00629712,0,0,4.51863
17.1104,161.285,0.00620021,0,0,4.52361
17.1294,166.862,0.00599298,0,0,4.5286
17.1484,176.425,0.00566814,0,0,4.53358
17.1674,187.198,0.00534196,0,0,4.53857
17.1864,196.923,0.00507815,0,0,4.54356
17.2054,203.58,0.00491211,0,0,4.54854
17.2244,202.803,0.00493089,0,0,4.55353
17.2434,199.607,0.00500987,0,0,4.55851
17.2624,193.212,0.00517564,0,0,4.5635
17.2814,189.992,0.00526335,0,0,4.56848
17.3004,184.191,0.00542915,0,0,4.57346
17.3194,181.145,0.00552045,0,0,4.57845
17.3384,176.502,0.00566566,0,0,4.58343
17.3574,173.077,0.00577775,0,0,4.58842
17.3764,171.047,0.00584634,0,0,4.5934
17.3954,168.405,0.00593806,0,0,4.59838
17.4144,166.107,0.00602026,0,0,4.60337
17.4334,164.513,0.00607851,0,0,4.60835
17.4524,162.23,0.00616404,0,0,4.61334
17.4714,158.3,0.00631715,0,0,4.61832
17.4904,156.046,0.0064083,0,0,4.6233
17.5094,153.175,0.00652847,0,0,4.62829
17.5284,151.095,0.00661832,0,0,4.63327
17.5474,149.808,0.00667522,0,0,4.63825
17.5664,148.481,0.00673484,0,0,4.64323
17.5855,147.479,0.00678062,0,0,4.64824
17.6045,146.396,0.00683081,0,0,4.65323
17.6235,145.274,0.00688351,0,0,4.65821
17.6425,144.12,0.00693866,0,0,4.66319
17.6615,143.535,0.00696695,0,0,4.66817
17.6805,143.146,0.00698583,0,0,4.67315
17.6995,142.526,0.00701629,0,0,4.67814
17.7185,141.813,0.00705157,0,0,4.68312
17.7375,141.401,0.0070721,0,0,4.6881
17.7565,141.085,0.00708795,0,0,4.69308
17.7755,140.914,0.00709655,0,0,4.69806
17.7945,140.522,0.00711632,0,0,4.70304
17.8135,140.123,0.00713665,0,0,4.70802
17.8325,139.618,0.00716241,0,0,4.713
17.8515,139.199,0.00718391,0,0,4.71799
17.8705,138.932,0.00719769,0,0,4.72297
17.8895,138.862,0.00720136,0,0,4.72795
17.9085,139.337,0.00717686,0,0,4.73293
17.9275,139.256,0.00718099,0,0,4.73791
17.9465,138.943,0.00719721,0,0,4.74289
17.9655,137.622,0.00726633,0,0,4.74787
17.9845,136.318,0.00733583,0,0,4.75285
18.0035,134.879,0.00741411,0,0,4.75783
18.0225,134.08,0.00745822,0,0,4.76281
18.0415,133.383,0.00749715,0,0,4.76779
18.0605,132.837,0.00752801,0,0,4.77277
18.0795,132.473,0.0075487,0,0,4.77775
18.0985,131.854,0.00758411,0,0,4.78272
18.1175,131.518,0.00760356,0,0,4.7877
18.1365,130.925,0.00763789,0,0,4.79268
18.1556,131.199,0.00762203,0,0,4.79769
18.1746,131.716,0.00759204,0,0,4.80267
18.1936,133.744,0.00747694,0,0,4.80764
18.2126,138.133,0.0072394,0,0,4.81262
18.2316,144.428,0.00692389,0,0,4.8176
18.2506,150.393,0.00664923,0,0,4.82258
18.2696,154.001,0.00649348,0,0,4.82756
18.2886,155.525,0.0064298,0,0,4.83253
18.3076,152.895,0.00654041,0,0,4.83751
18.3266,149.297,0.00669807,0,0,4.84249
18.3456,145.882,0.00685481,0,0,4.84747
18.3646,142.975,0.00699425,0,0,4.85244
18.3836,139.497,0.00716859,0,0,4.85742
18.4026,135.484,0.00738089,0,0,4.8624
18.4216,131.024,0.00763215,0,0,4.86737
18.4406,127.226,0.0078601,0,0,4.87235
18.4596,124.218,0.00805038,0,0,4.87733
18.4786,121.63,0.00822165,0,0,4.8823
18.4976,119.085,0.00839737,0,0,4.88728
18.5166,116.572,0.00857831,0,0,4.89226
18.5356,114.749,0.00871467,0,0,4.89723
18.5546,112.988,0.00885047,0,0,4.90221
18.5736,111.744,0.00894903,0,0,4.90718
18.5926,110.851,0.00902108,0,0,4.91216
18.6116,109.981,0.00909245,0,0,4.91714
18.6306,109.179,0.00915923,0,0,4.92211
18.6496,108.44,0.00922161,0,0,4.92709
18.6686,107.845,0.00927265,0,0,4.93206
18.6876,107.612,0.00929268,0,0,4.93704
18.7066,107.563,0.0092968,0,0,4.94201
18.7256,108.104,0.00925036,0,0,4.94699
18.7447,109.945,0.0090954,0,0,4.95199
18.7637,114.009,0.00877124,0,0,4.95696
18.7827,119.395,0.00837556,0,0,4.96194
18.8017,123.467,0.00809929,0,0,4.96691
18.8207,127.673,0.00783258,0,0,4.97188
18.8397,127.976,0.00781389,0,0,4.97686
18.8587,125.205,0.00798691,0,0,4.98183
18.8777,120.98,0.00826582,0,0,4.9868
18.8967,119.205,0.00838892,0,0,4.99178
18.9157,118.302,0.0084529,0,0,4.99675
18.9347,115.108,0.00868756,0,0,5.00172
18.9537,110.688,0.00903429,0,0,5.0067
18.9727,107.055,0.00934088,0,0,5.01167
18.9917,104.458,0.00957317,0,0,5.01664
19.0107,103.399,0.00967133,0,0,5.02162
19.0297,102.077,0.00979656,0,0,5.02659
19.0487,107.551,0.00929788,0,0,5.03156
19.0677,109.294,0.00914959,0,0,5.03653
19.0867,109.933,0.00909644,0,0,5.04151
19.1057,112.322,0.00890299,0,0,5.04648
19.1247,113.372,0.00882057,0,0,5.05145
19.1437,114.005,0.00877157,0,0,5.05642
19.1627,110.259,0.0090696,0,0,5.06139
19.1817,106.187,0.00941736,0,0,5.06636
19.2007,104.272,0.00959024,0,0,5.07133
19.2197,101.731,0.0098298,0,0,5.07631
19.2387,100.428,0.00995734,0,0,5.08128
19.2577,98.091,0.0101946,0,0,5.08625
19.2767,95.7519,0.0104437,0,0,5.09122
19.2957,94.5995,0.0105709,0,0,5.09619
19.3148,93.1411,0.0107364,0,0,5.10119
19.3338,92.6166,0.0107972,0,0,5.10616
19.3528,91.8651,0.0108855,0,0,5.11113
19.3718,91.5725,0.0109203,0,0,5.1161
19.3908,91.1166,0.010975,0,0,5.12107
19.4098,90.7935,0.011014,0,0,5.12604
19.4288,90.4152,0.0110601,0,0,5.131
19.4478,89.9604,0.011116,0,0,5.13597
19.4668,89.6787,0.0111509,0,0,5.14094
19.4858,89.5052,0.0111725,0,0,5.14591
19.5048,89.3872,0.0111873,0,0,5.15088
19.5238,89.0729,0.0112268,0,0,5.15585
19.5428,88.9204,0.011246,0,0,5.16082
19.5618,88.4844,0.0113014,0,0,5.16579
19.5808,88.5091,0.0112983,0,0,5.17076
19.5998,88.3308,0.0113211,0,0,5.17572
19.6188,88.3388,0.0113201,0,0,5.18069
19.6378,88.0977,0.011351,0,0,5.18566
19.6568,87.8398,0.0113844,0,0,5.19063
19.6758,87.5767,0.0114186,0,0,5.1956
19.6948,87.3387,0.0114497,0,0,5.20056
19.7138,87.2363,0.0114631,0,0,5.20553
19.7328,87.0195,0.0114917,0,0,5.2105
19.7518,86.856,0.0115133,0,0,5.21547
19.7708,86.8908,0.0115087,0,0,5.22043
19.7898,87.1297,0.0114771,0,0,5.2254
19.8088,87.3094,0.0114535,0,0,5.23037
19.8278,87.414,0.0114398,0,0,5.23533
19.8468,87.99,0.0113649,0,0,5.2403
19.8658,88.6601,0.011279,0,0,5.24527
19.8848,89.5574,0.011166,0,0,5.25023
19.9039,90.3416,0.0110691,0,0,5.25522
19.9229,90.039,0.0111063,0,0,5.26019
19.9419,89.592,0.0111617,0,0,5.26516
19.9609,88.513,0.0112978,0,0,5.27012
19.9799,87.1446,0.0114752,0,0,5.27509
19.9989,85.805,0.0116543,0,0,5.28005
20.0179,85.1446,0.0117447,0,0,5.28502
20.0369,84.4933,0.0118353,0,0,5.28998
20.0559,84.0264,0.011901,0,0,5.29495
20.0749,83.7291,0.0119433,0,0,5.29991
20.0939,83.5211,0.011973,0,0,5.30488
20.1129,83.1531,0.012026,0,0,5.30984
20.1319,82.9684,0.0120528,0,0,5.3148
20.1509,82.673,0.0120958,0,0,5.31977
20.1699,82.5504,0.0121138,0,0,5.32473
20.1889,82.3528,0.0121429,0,0,5.3297
20.2079,82.3245,0.012147,0,0,5.33466
20.2269,82.2211,0.0121623,0,0,5.33962
20.2459,82.1703,0.0121699,0,0,5.34459
20.2649,81.9369,0.0122045,0,0,5.34955
20.2839,81.9053,0.0122092,0,0,5.35451
20.3029,81.8056,0.0122241,0,0,5.35948
20.3219,81.7533,0.0122319,0,0,5.36444
20.3409,81.6314,0.0122502,0,0,5.3694
20.3599,81.5375,0.0122643,0,0,5.37436
20.3789,81.5266,0.0122659,0,0,5.37933
20.3979,81.7105,0.0122383,0,0,5.38429
20.4169,81.7094,0.0122385,0,0,5.38925
20.4359,81.2861,0.0123022,0,0,5.39421
20.4549,80.7465,0.0123845,0,0,5.39917
20.4739,80.3572,0.0124444,0,0,5.40414
20.493,80.025,0.0124961,0,0,5.40912
20.512,79.7482,0.0125395,0,0,5.41408
20.531,79.5184,0.0125757,0,0,5.41905
20.55,79.2244,0.0126224,0,0,5.42401
20.569,79.0524,0.0126498,0,0,5.42897
20.588,79.0175,0.0126554,0,0,5.43393
20.607,78.8076,0.0126891,0,0,5.43889
20.626,78.4071,0.0127539,0,0,5.44385
20.645,78.0788,0.0128076,0,0,5.44881
20.664,77.9519,0.0128284,0,0,5.45377
20.683,77.8121,0.0128515,0,0,5.45873
20.702,77.5046,0.0129025,0,0,5.46369
20.721,77.1889,0.0129552,0,0,5.46865
20.74,77.0412,0.0129801,0,0,5.47361
20.759,76.9689,0.0129923,0,0,5.47857
20.778,77.1061,0.0129691,0,0,5.48353
20.797,77.0519,0.0129783,0,0,5.48849
20.816,76.9748,0.0129913,0,0,5.49344
20.835,76.8574,0.0130111,0,0,5.4984
20.854,76.9005,0.0130038,0,0,5.50336
20.873,77.0201,0.0129836,0,0,5.50832
20.892,77.4195,0.0129166,0,0,5.51328
20.911,78.4501,0.0127469,0,0,5.51824
20.93,80.6461,0.0123998,0,0,5.5232
20.949,83.2569,0.012011,0,0,5.52815
20.968,84.3224,0.0118593,0,0,5.53311
20.987,84.6447,0.0118141,0,0,5.53807
21.006,82.4307,0.0121314,0,0,5.54303
21.025,79.9799,0.0125031,0,0,5.54798
21.044,77.2464,0.0129456,0,0,5.55294
21.0631,75.8443,0.0131849,0,0,5.55792
21.0821,74.8914,0.0133527,0,0,5.56288
21.1011,74.4407,0.0134335,0,0,5.56784
21.1201,74.1885,0.0134792,0,0,5.57279
21.1391,74.0112,0.0135115,0,0,5.57775
21.1581,74.1151,0.0134925,0,0,5.58271
21.1771,74.1048,0.0134944,0,0,5.58766
21.1961,73.9137,0.0135293,0,0,5.59262
21.2151,73.5714,0.0135922,0,0,5.59757
21.2341,73.4264,0.0136191,0,0,5.60253
21.2531,73.4942,0.0136065,0,0,5.60748
21.2721,73.4441,0.0136158,0,0,5.61244
21.2911,73.4791,0.0136093,0,0,5.61739
21.3101,73.2058,0.0136601,0,0,5.62235
21.3291,72.9836,0.0137017,0,0,5.6273
21.3481,72.796,0.013737,0,0,5.63226
21.3671,72.7219,0.013751,0,0,5.63721
21.3861,72.757,0.0137444,0,0,5.64217
21.4051,72.7208,0.0137512,0,0,5.64712
21.4241,72.4695,0.0137989,0,0,5.65208
21.4431,72.318,0.0138278,0,0,5.65703
21.4621,72.1537,0.0138593,0,0,5.66198
21.4811,72.0283,0.0138834,0,0,5.66694
21.5001,71.8904,0.0139101,0,0,5.67189
21.5191,71.9001,0.0139082,0,0,5.67684
21.5381,71.8336,0.0139211,0,0,5.6818
21.5571,71.724,0.0139423,0,0,5.68675
21.5761,71.5573,0.0139748,0,0,5.6917
21.5951,71.4076,0.0140041,0,0,5.69665
21.6141,71.3098,0.0140233,0,0,5.70161
21.6331,71.3025,0.0140248,0,0,5.70656
21.6522,71.3097,0.0140233,0,0,5.71154
21.6712,71.2518,0.0140347,0,0,5.71649
21.6902,71.0847,0.0140677,0,0,5.72144
21.7092,70.9162,0.0141011,0,0,5.72639
21.7282,70.7764,0.014129,0,0,5.73134
21.7472,70.8882,0.0141067,0,0,5.7363
21.7662,70.9819,0.0140881,0,0,5.74125
21.7852,70.8932,0.0141057,0,0,5.7462
21.8042,70.8142,0.0141215,0,0,5.75115
21.8232,70.7056,0.0141432,0,0,5.7561
21.8422,70.4952,0.0141854,0,0,5.76105
21.8612,70.3463,0.0142154,0,0,5.766
21.8802,70.241,0.0142367,0,0,5.77095
21.8992,70.285,0.0142278,0,0,5.7759
21.9182,70.2633,0.0142322,0,0,5.78085
21.9372,70.233,0.0142383,0,0,5.7858
21.9562,70.113,0.0142627,0,0,5.79075
21.9752,69.9677,0.0142923,0,0,5.7957
21.9942,69.9047,0.0143052,0,0,5.80065
22.0132,69.99,0.0142878,0,0,5.8056
22.0322,69.8422,0.014318,0,0,5.81055
22.0512,69.6556,0.0143564,0,0,5.8155
22.0702,69.5027,0.0143879,0,0,5.82044
22.0892,69.4448,0.0143999,0,0,5.82539
22.1082,69.3729,0.0144148,0,0,5.83034
22.1272,69.2774,0.0144347,0,0,5.83529
22.1462,69.2085,0.0144491,0,0,5.84024
22.1652,69.0899,0.0144739,0,0,5.84518
22.1842,69.0833,0.0144753,0,0,5.85013
22.2032,69.0489,0.0144825,0,0,5.85508
22.2222,68.9211,0.0145093,0,0,5.86003
22.2413,68.853,0.0145237,0,0,5.865
22.2603,68.793,0.0145364,0,0,5.86995
22.2793,68.7229,0.0145512,0,0,5.87489
22.2983,68.7249,0.0145508,0,0,5.87984
22.3173,68.7509,0.0145453,0,0,5.88479
22.3363,68.8167,0.0145313,0,0,5.88973
22.3553,68.7185,0.0145521,0,0,5.89468
22.3743,68.4597,0.0146071,0,0,5.89963
22.3933,68.3278,0.0146353,0,0,5.90457
22.4123,68.4874,0.0146012,0,0,5.90952
22.4313,68.476,0.0146037,0,0,5.91446
22.4503,68.3805,0.0146241,0,0,5.91941
22.4693,68.2054,0.0146616,0,0,5.92435
22.4883,68.2294,0.0146564,0,0,5.9293
22.5073,68.0019,0.0147055,0,0,5.93424
22.5263,67.7458,0.0147611,0,0,5.93919
22.5453,67.5507,0.0148037,0,0,5.94413
22.5643,67.6985,0.0147714,0,0,5.94908
22.5833,67.8846,0.0147309,0,0,5.95402
22.6023,67.8127,0.0147465,0,0,5.95897
22.6213,67.5962,0.0147937,0,0,5.96391
22.6403,67.2358,0.014873,0,0,5.96885
22.6593,67.1381,0.0148947,0,0,5.9738
22.6783,67.1837,0.0148845,0,0,5.97874
22.6973,67.1739,0.0148867,0,0,5.98368
22.7163,67.0474,0.0149148,0,0,5.98863
22.7353,66.945,0.0149376,0,0,5.99357
22.7543,66.7959,0.014971,0,0,5.99851
22.7733,66.8321,0.0149629,0,0,6.00346
22.7923,66.7589,0.0149793,0,0,6.0084
22.8114,66.7979,0.0149705,0,0,6.01337
22.8304,66.6953,0.0149936,0,0,6.01831
22.8494,66.5197,0.0150331,0,0,6.02325
22.8684,66.5493,0.0150264,0,0,6.02819
22.8874,66.6252,0.0150093,0,0,6.03313
22.9064,66.5478,0.0150268,0,0,6.03808
22.9254,66.372,0.0150666,0,0,6.04302
22.9444,66.3662,0.0150679,0,0,6.04796
22.9634,66.2038,0.0151049,0,0,6.0529
22.9824,65.8668,0.0151821,0,0,6.05784
23.0014,65.6258,0.0152379,0,0,6.06278
23.0204,65.4576,0.0152771,0,0,6.06772
23.0394,65.3963,0.0152914,0,0,6.07266
23.0584,65.2444,0.015327,0,0,6.0776
23.0774,65.4747,0.0152731,0,0,6.08254
23.0964,65.5712,0.0152506,0,0,6.08748
23.1154,65.3003,0.0153139,0,0,6.09242
23.1344,65.0574,0.0153711,0,0,6.09736
23.1534,65.0639,0.0153695,0,0,6.1023
23.1724,65.0041,0.0153837,0,0,6.10724
23.1914,64.9441,0.0153979,0,0,6.11218
23.2104,64.8231,0.0154266,0,0,6.11712
23.2294,64.757,0.0154424,0,0,6.12206
23.2484,64.7592,0.0154418,0,0,6.12699
23.2674,64.5454,0.015493,0,0,6.13193
23.2864,64.4852,0.0155074,0,0,6.13687
23.3054,64.2852,0.0155557,0,0,6.14181
23.3244,64.2839,0.015556,0,0,6.14675
23.3434,64.1892,0.0155789,0,0,6.15168
23.3624,64.2493,0.0155644,0,0,6.15662
23.3814,64.1442,0.0155899,0,0,6.16156
23.4005,63.9786,0.0156302,0,0,6.16652
23.4195,63.9365,0.0156405,0,0,6.17146
23.4385,64.0271,0.0156184,0,0,6.1764
23.4575,64.1091,0.0155984,0,0,6.18133
23.4765,64.01,0.0156225,0,0,6.18627
23.4955,63.954,0.0156362,0,0,6.1912
23.5145,63.5004,0.0157479,0,0,6.19614
23.5335,63.1908,0.0158251,0,0,6.20108
23.5525,63.0922,0.0158498,0,0,6.20601
23.5715,63.2304,0.0158152,0,0,6.21095
23.5905,63.1455,0.0158365,0,0,6.21588
23.6095,62.9095,0.0158959,0,0,6.22082
23.6285,62.7076,0.015947,0,0,6.22575
23.6475,62.4209,0.0160203,0,0,6.23069
23.6665,62.2199,0.016072,0,0,6.23562
23.6855,62.1426,0.016092,0,0,6.24056
23.7045,62.0962,0.0161041,0,0,6.24549
23.7235,62.2043,0.0160761,0,0,6.25043
23.7425,62.3273,0.0160444,0,0,6.25536
23.7615,62.5061,0.0159984,0,0,6.26029
23.7805,62.4267,0.0160188,0,0,6.26523
23.7995,62.2691,0.0160593,0,0,6.27016
23.8185,62.0076,0.0161271,0,0,6.27509
23.8375,61.9121,0.0161519,0,0,6.28003
23.8565,61.7967,0.0161821,0,0,6.28496
23.8755,61.5384,0.01625,0,0,6.28989
23.8945,61.3549,0.0162986,0,0,6.29483
23.9135,61.3385,0.016303,0,0,6.29976
23.9325,60.9689,0.0164018,0,0,6.30469
23.9515,60.676,0.016481,0,0,6.30962
23.9706,60.4921,0.0165311,0,0,6.31458
23.9896,60.5674,0.0165105,0,0,6.31951
24.0086,60.3389,0.0165731,0,0,6.32444
24.0276,60.169,0.0166198,0,0,6.32938
24.0466,60.1212,0.0166331,0,0,6.33431
24.0656,60.1405,0.0166277,0,0,6.33924
24.0846,60.14,0.0166279,0,0,6.34417
24.1036,60.0116,0.0166635,0,0,6.3491
24.1226,59.7985,0.0167228,0,0,6.35403
24.1416,59.678,0.0167566,0,0,6.35896
24.1606,59.774,0.0167297,0,0,6.36389
24.1796,59.8416,0.0167108,0,0,6.36882
24.1986,59.5732,0.0167861,0,0,6.37375
24.2176,59.2018,0.0168914,0,0,6.37868
24.2366,58.8048,0.0170054,0,0,6.38361
24.2556,58.6549,0.0170489,0,0,6.38854
24.2746,58.6411,0.0170529,0,0,6.39347
24.2936,58.5403,0.0170823,0,0,6.3984
24.3126,58.3421,0.0171403,0,0,6.40333
24.3316,58.0421,0.0172289,0,0,6.40826
24.3506,57.9109,0.0172679,0,0,6.41318
24.3696,57.7554,0.0173144,0,0,6.41811
24.3886,57.6694,0.0173402,0,0,6.42304
24.4076,57.581,0.0173669,0,0,6.42797
24.4266,57.4846,0.017396,0,0,6.4329
24.4456,57.3899,0.0174247,0,0,6.43782
24.4646,56.9749,0.0175516,0,0,6.44275
24.4836,56.8209,0.0175992,0,0,6.44768
24.5026,56.8938,0.0175766,0,0,6.45261
24.5216,57.0438,0.0175304,0,0,6.45753
24.5406,57.0199,0.0175377,0,0,6.46246
24.5597,56.6668,0.017647,0,0,6.46741
24.5787,56.3118,0.0177583,0,0,6.47234
24.5977,56.0538,0.01784,0,0,6.47726
24.6167,55.8443,0.017907,0,0,6.48219
24.6357,55.6714,0.0179625,0,0,6.48712
24.6547,55.5695,0.0179955,0,0,6.49204
24.6737,55.5919,0.0179882,0,0,6.49697
24.6927,55.4861,0.0180225,0,0,6.50189
24.7117,55.0162,0.0181765,0,0,6.50682
24.7307,54.6786,0.0182887,0,0,6.51174
24.7497,54.5238,0.0183406,0,0,6.51667
24.7687,54.5203,0.0183418,0,0,6.52159
24.7877,54.3527,0.0183983,0,0,6.52652
24.8067,54.0865,0.0184889,0,0,6.53144
24.8257,53.7647,0.0185996,0,0,6.53636
24.8447,53.7427,0.0186072,0,0,6.54129
24.8637,53.7771,0.0185953,0,0,6.54621
24.8827,53.75,0.0186046,0,0,6.55113
24.9017,53.2738,0.018771,0,0,6.55606
24.9207,53.051,0.0188498,0,0,6.56098
24.9397,52.8304,0.0189285,0,0,6.5659
24.9587,52.5856,0.0190166,0,0,6.57083
24.9777,52.3116,0.0191162,0,0,6.57575
24.9967,52.3183,0.0191138,0,0,6.58067
25.0157,52.1945,0.0191591,0,0,6.58559
25.0347,51.9535,0.019248,0,0,6.59052
25.0537,51.7451,0.0193255,0,0,6.59544
25.0727,51.6368,0.0193661,0,0,6.60036
25.0917,51.4698,0.0194288,0,0,6.60528
25.1107,51.2736,0.0195032,0,0,6.6102
25.1297,51.0505,0.0195885,0,0,6.61512
25.1488,50.7229,0.019715,0,0,6.62007
25.1678,50.7757,0.0196945,0,0,6.62499
25.1868,50.58,0.0197707,0,0,6.62991
25.2058,50.2877,0.0198856,0,0,6.63483
25.2248,49.8654,0.0200539,0,0,6.63975
25.2438,49.9186,0.0200326,0,0,6.64467
25.2628,49.796,0.0200819,0,0,6.64959
25.2818,49.7591,0.0200968,0,0,6.65451
25.3008,49.414,0.0202372,0,0,6.65943
25.3198,49.0905,0.0203705,0,0,6.66435
25.3388,48.8388,0.0204756,0,0,6.66927
25.3578,48.7872,0.0204972,0,0,6.67419
25.3768,48.4496,0.02064,0,0,6.67911
25.3958,48.1322,0.0207761,0,0,6.68403
25.4148,47.884,0.0208838,0,0,6.68894
25.4338,47.6531,0.020985,0,0,6.69386
25.4528,47.5836,0.0210157,0,0,6.69878
25.4718,47.3131,0.0211358,0,0,6.7037
25.4908,47.0094,0.0212723,0,0,6.70862
25.5098,46.6429,0.0214395,0,0,6.71353
25.5288,46.5941,0.021462,0,0,6.71845
25.5478,46.4052,0.0215493,0,0,6.72337
25.5668,46.1808,0.021654,0,0,6.72828
25.5858,45.9042,0.0217845,0,0,6.7332
25.6048,45.9086,0.0217824,0,0,6.73812
25.6238,45.9635,0.0217564,0,0,6.74303
25.6428,45.7911,0.0218383,0,0,6.74795
25.6618,45.3739,0.0220391,0,0,6.75287
25.6808,44.9156,0.022264,0,0,6.75778
25.6998,44.6184,0.0224123,0,0,6.7627
25.7189,44.491,0.0224764,0,0,6.76764
25.7379,44.5053,0.0224692,0,0,6.77255
25.7569,44.4843,0.0224799,0,0,6.77747
25.7759,44.168,0.0226408,0,0,6.78238
25.7949,43.9176,0.02277,0,0,6.7873
25.8139,43.5493,0.0229625,0,0,6.79221
25.8329,43.1714,0.0231634,0,0,6.79713
25.8519,42.8536,0.0233352,0,0,6.80204
25.8709,42.7396,0.0233975,0,0,6.80696
25.8899,42.5336,0.0235108,0,0,6.81187
25.9089,42.1963,0.0236987,0,0,6.81678
25.9279,42.1033,0.0237511,0,0,6.8217
25.9469,42.0038,0.0238073,0,0,6.82661
25.9659,41.9293,0.0238497,0,0,6.83152
25.9849,41.6343,0.0240186,0,0,6.83644
26.0039,41.4699,0.0241139,0,0,6.84135
26.0229,41.2847,0.024222,0,0,6.84626
26.0419,40.9963,0.0243925,0,0,6.85117
26.0609,40.5719,0.0246476,0,0,6.85608
26.0799,40.2542,0.0248421,0,0,6.861
26.0989,40.0086,0.0249947,0,0,6.86591
26.1179,39.9992,0.0250004,0,0,6.87082
26.1369,39.8783,0.0250763,0,0,6.87573
26.1559,39.7219,0.025175,0,0,6.88064
26.1749,39.2596,0.0254715,0,0,6.88555
26.1939,38.9244,0.0256908,0,0,6.89046
26.2129,38.7105,0.0258328,0,0,6.89537
26.2319,38.5489,0.025941,0,0,6.90028
26.2509,38.215,0.0261678,0,0,6.90519
26.2699,37.9564,0.0263461,0,0,6.9101
26.2889,37.8816,0.0263981,0,0,6.91501
26.308,37.7238,0.0265085,0,0,6.91995
26.327,37.3964,0.0267405,0,0,6.92486
26.346,37.1467,0.0269203,0,0,6.92977
26.365,37.0082,0.027021,0,0,6.93468
26.384,37.1414,0.0269242,0,0,6.93959
26.403,36.9047,0.0270969,0,0,6.94449
26.422,36.5665,0.0273475,0,0,6.9494
26.441,36.1239,0.0276825,0,0,6.95431
26.46,35.95,0.0278164,0,0,6.95922
26.479,35.6061,0.028085,0,0,6.96413
26.498,35.3996,0.0282489,0,0,6.96904
26.517,35.2584,0.028362,0,0,6.97394
26.536,35.1965,0.0284119,0,0,6.97885
26.555,34.8742,0.0286745,0,0,6.98376
26.574,34.7228,0.0287995,0,0,6.98866
26.593,34.5539,0.0289403,0,0,6.99357
26.612,34.363,0.029101,0,0,6.99848
26.631,34.0618,0.0293584,0,0,7.00338
26.65,33.703,0.0296709,0,0,7.00829
26.669,33.5125,0.0298396,0,0,7.0132
26.688,33.4902,0.0298594,0,0,7.0181
26.707,33.278,0.0300499,0,0,7.02301
26.726,33.1687,0.030149,0,0,7.02791
26.745,32.8887,0.0304057,0,0,7.03282
26.764,32.6065,0.0306687,0,0,7.03772
26.783,32.2515,0.0310063,0,0,7.04263
26.802,31.9856,0.031264,0,0,7.04753
26.821,31.7206,0.0315253,0,0,7.05244
26.84,31.5804,0.0316651,0,0,7.05734
26.859,31.517,0.0317289,0,0,7.06224
26.8781,31.4347,0.0318119,0,0,7.06717
26.8971,30.9333,0.0323276,0,0,7.07208
26.9161,30.4404,0.0328511,0,0,7.07698
26.9351,30.3401,0.0329596,0,0,7.08188
26.9541,30.1412,0.0331772,0,0,7.08679
26.9731,29.9922,0.033342,0,0,7.09169
26.9921,29.6529,0.0337235,0,0,7.09659
27.0111,29.4307,0.0339781,0,0,7.1015
27.0301,29.1615,0.0342918,0,0,7.1064
27.0491,29.2901,0.0341413,0,0,7.1113
27.0681,29.1924,0.0342555,0,0,7.1162
27.0871,28.7186,0.0348207,0,0,7.1211
27.1061,28.5295,0.0350515,0,0,7.126
27.1251,28.5559,0.0350191,0,0,7.13091
27.1441,28.4482,0.0351515,0,0,7.13581
27.1631,28.07,0.0356251,0,0,7.14071
27.1821,27.6067,0.0362231,0,0,7.14561
27.2011,27.3866,0.0365142,0,0,7.15051
27.2201,27.314,0.0366113,0,0,7.15541
27.2391,27.0103,0.037023,0,0,7.16031
27.2581,26.6799,0.0374814,0,0,7.16521
27.2771,26.5786,0.0376242,0,0,7.17011
27.2961,26.5167,0.037712,0,0,7.17501
27.3151,26.3018,0.0380203,0,0,7.17991
27.3341,26.2365,0.0381148,0,0,7.18481
27.3531,26.1152,0.0382919,0,0,7.18971
27.3721,25.9027,0.038606,0,0,7.19461
27.3911,25.4519,0.0392899,0,0,7.1995
27.4101,25.1872,0.0397026,0,0,7.2044
27.4291,24.9999,0.0400002,0,0,7.2093
27.4481,24.8937,0.0401708,0,0,7.2142
27.4672,24.6789,0.0405204,0,0,7.21912
27.4862,24.4675,0.0408706,0,0,7.22402
27.5052,24.1832,0.0413509,0,0,7.22892
27.5242,23.8466,0.0419347,0,0,7.23381
27.5432,23.6691,0.0422492,0,0,7.23871
27.5622,23.6395,0.0423022,0,0,7.24361
27.5812,23.6448,0.0422925,0,0,7.2485
27.6002,23.2082,0.0430882,0,0,7.2534
27.6192,22.9513,0.0435705,0,0,7.2583
27.6382,22.7494,0.0439573,0,0,7.26319
27.6572,22.6921,0.0440682,0,0,7.26809
27.6762,22.5466,0.0443525,0,0,7.27298
27.6952,22.3736,0.0446956,0,0,7.27788
27.7142,22.2386,0.0449669,0,0,7.28277
27.7332,22.2126,0.0450194,0,0,7.28767
27.7522,22.0643,0.045322,0,0,7.29256
27.7712,21.8015,0.0458684,0,0,7.29746
27.7902,21.404,0.0467202,0,0,7.30235
27.8092,21.2284,0.0471067,0,0,7.30725
27.8282,21.0555,0.0474935,0,0,7.31214
27.8472,20.9642,0.0477005,0,0,7.31703
27.8662,20.8731,0.0479085,0,0,7.32193
27.8852,20.4268,0.0489553,0,0,7.32682
27.9042,20.0539,0.0498658,0,0,7.33171
27.9232,19.9599,0.0501005,0,0,7.33661
27.9422,19.9198,0.0502011,0,0,7.3415
27.9612,19.9171,0.0502081,0,0,7.34639
27.9802,19.7483,0.0506374,0,0,7.35128
27.9992,19.6149,0.0509817,0,0,7.35618
28.0182,19.6011,0.0510176,0,0,7.36107
28.0372,19.2551,0.0519344,0,0,7.36596
28.0563,18.9259,0.0528377,0,0,7.37088
28.0753,18.7233,0.0534095,0,0,7.37577
28.0943,18.7124,0.0534406,0,0,7.38066
28.1133,18.4338,0.0542482,0,0,7.38555
28.1323,18.32,0.0545851,0,0,7.39044
28.1513,18.1853,0.0549895,0,0,7.39533
28.1703,18.1084,0.0552229,0,0,7.40022
28.1893,17.9761,0.0556295,0,0,7.40511
28.2083,17.6619,0.0566192,0,0,7.41
28.2273,17.4272,0.0573818,0,0,7.41489
28.2463,17.423,0.0573953,0,0,7.41978
28.2653,17.1734,0.0582296,0,0,7.42467
28.2843,16.7896,0.0595607,0,0,7.42956
28.3033,16.4691,0.0607196,0,0,7.43445
28.3223,16.461,0.0607498,0,0,7.43934
28.3413,16.3702,0.0610866,0,0,7.44423
28.3603,16.2015,0.0617226,0,0,7.44911
28.3793,15.9368,0.0627479,0,0,7.454
28.3983,15.9108,0.0628505,0,0,7.45889
28.4173,15.8411,0.0631272,0,0,7.46378
28.4363,15.8606,0.0630492,0,0,7.46867
28.4553,15.8289,0.0631757,0,0,7.47355
28.4743,15.6586,0.0638625,0,0,7.47844
28.4933,15.4037,0.0649196,0,0,7.48333
28.5123,14.8632,0.06728,0,0,7.48821
28.5313,14.7305,0.0678865,0,0,7.4931
28.5503,14.7841,0.0676402,0,0,7.49799
28.5693,14.6114,0.0684396,0,0,7.50287
28.5883,14.5825,0.0685755,0,0,7.50776
28.6073,14.588,0.0685493,0,0,7.51264
28.6264,14.6028,0.0684804,0,0,7.51755
28.6454,14.4069,0.0694113,0,0,7.52244
28.6644,14.3964,0.0694618,0,0,7.52732
28.6834,14.2484,0.0701831,0,0,7.53221
28.7024,14.1267,0.070788,0,0,7.53709
28.7214,13.7223,0.0728742,0,0,7.54198
28.7404,13.4523,0.0743366,0,0,7.54686
28.7594,13.3178,0.0750873,0,0,7.55175
28.7784,13.4493,0.0743533,0,0,7.55663
28.7974,13.6277,0.07338,0,0,7.56151
28.8164,13.2994,0.0751911,0,0,7.5664
28.8354,12.8789,0.0776463,0,0,7.57128
28.8544,12.7821,0.0782342,0,0,7.57616
28.8734,12.8477,0.0778349,0,0,7.58105
28.8924,12.7524,0.0784166,0,0,7.58593
28.9114,12.4244,0.0804866,0,0,7.59081
28.9304,12.5988,0.0793721,0,0,7.59569
28.9494,12.4162,0.0805396,0,0,7.60057
28.9684,12.0621,0.0829045,0,0,7.60546
28.9874,11.726,0.0852808,0,0,7.61034
29.0064,11.6918,0.0855299,0,0,7.61522
29.0254,11.88,0.084175,0,0,7.6201
29.0444,11.639,0.0859179,0,0,7.62498
29.0634,11.5376,0.0866728,0,0,7.62986
29.0824,11.4922,0.0870153,0,0,7.63474
29.1014,11.6025,0.086188,0,0,7.63962
29.1204,11.1698,0.0895274,0,0,7.6445
29.1394,10.7293,0.0932028,0,0,7.64938
29.1584,10.6491,0.093905,0,0,7.65426
29.1774,10.8537,0.0921342,0,0,7.65914
29.1964,11.0179,0.0907615,0,0,7.66402
29.2155,11.1007,0.0900839,0,0,7.66892
29.2345,10.9956,0.0909455,0,0,7.6738
29.2535,10.9024,0.0917234,0,0,7.67868
29.2725,10.8078,0.0925259,0,0,7.68356
29.2915,10.5631,0.0946687,0,0,7.68844
29.3105,10.0708,0.0992965,0,0,7.69332
29.3295,9.78137,0.102235,0,0,7.69819
29.3485,9.8736,0.10128,0,0,7.70307
29.3675,10.4418,0.0957688,0,0,7.70795
29.3865,10.6172,0.0941865,0,0,7.71282
29.4055,10.4173,0.0959944,0,0,7.7177
29.4245,10.1513,0.0985096,0,0,7.72258
29.4435,10.109,0.0989215,0,0,7.72745
29.4625,10.2423,0.0976343,0,0,7.73233
29.4815,10.654,0.0938613,0,0,7.73721
29.5005,10.7004,0.0934548,0,0,7.74208
29.5195,9.99802,0.100019,0,0,7.74696
29.5385,9.994,0.10006,0,0,7.75183
29.5575,9.83118,0.101717,0,0,7.75671
29.5765,9.75592,0.102502,0,0,7.76158
29.5955,9.39511,0.106439,0,0,7.76646
29.6145,9.78853,0.102161,0,0,7.77133
29.6335,10.2242,0.0978066,0,0,7.77621
29.6525,10.3429,0.0966846,0,0,7.78108
29.6715,9.13716,0.109443,0,0,7.78595
29.6905,8.58836,0.116437,0,0,7.79083
29.7095,8.5878,0.116445,0,0,7.7957
29.7285,9.65953,0.103525,0,0,7.80057
29.7475,9.74464,0.102621,0,0,7.80545
29.7665,9.83947,0.101632,0,0,7.81032
29.7855,9.54472,0.10477,0,0,7.81519
29.8046,9.97587,0.100242,0,0,7.82009
29.8236,11.135,0.0898072,0,0,7.82496
29.8426,10.8142,0.0924707,0,0,7.82983
29.8616,8.91351,0.112189,0,0,7.83471
29.8806,7.19938,0.1389,0,0,7.83958
29.8996,6.48716,0.154151,0,0,7.84445
